id,subject,snippet,date,label_ids,sender_email,email_body,attachment_info,received_time,category
190f252e33abf75f,"Your full credit report is ready, Sunil.",Explore the ins and outs of your credit score. â€Œ â€Œ â€Œ â€Œ â€Œ â€Œ â€Œ â€Œ â€Œ â€Œ â€Œ â€Œ â€Œ â€Œ â€Œ â€Œ â€Œ â€Œ â€Œ â€Œ â€Œ â€Œ â€Œ â€Œ â€Œ â€Œ â€Œ â€Œ â€Œ â€Œ â€Œ â€Œ â€Œ â€Œ â€Œ â€Œ â€Œ â€Œ â€Œ â€Œ â€Œ â€Œ â€Œ â€Œ â€Œ â€Œ â€Œ â€Œ â€Œ â€Œ â€Œ â€Œ â€Œ â€Œ â€Œ â€Œ â€Œ â€Œ â€Œ â€Œ â€Œ â€Œ â€Œ â€Œ â€Œ â€Œ â€Œ â€Œ â€Œ â€Œ â€Œ â€Œ â€Œ â€Œ â€Œ â€Œ â€Œ,1722001999000,"CATEGORY_PROMOTIONS,INBOX",Credit Karma <mail@mail16.creditkarma.com>,Explore the ins and outs of your credit score. â€Œ â€Œ â€Œ â€Œ â€Œ â€Œ â€Œ â€Œ â€Œ â€Œ â€Œ â€Œ â€Œ â€Œ â€Œ â€Œ â€Œ â€Œ â€Œ â€Œ â€Œ â€Œ â€Œ â€Œ â€Œ â€Œ â€Œ â€Œ â€Œ â€Œ â€Œ â€Œ â€Œ â€Œ â€Œ â€Œ â€Œ â€Œ â€Œ â€Œ â€Œ â€Œ â€Œ â€Œ â€Œ â€Œ â€Œ â€Œ â€Œ â€Œ â€Œ â€Œ â€Œ â€Œ â€Œ â€Œ â€Œ â€Œ â€Œ â€Œ â€Œ â€Œ â€Œ â€Œ â€Œ â€Œ â€Œ â€Œ â€Œ â€Œ â€Œ â€Œ â€Œ â€Œ â€Œ â€Œ â€Œ,No,1722001999000,neutral
190f3472c969799a,Collier County FL Invoice# 16112648 Notification,You have a new invoice from Collier County FL! View Invoice or Pay Now Want to be reminded later? Click here. NO ACTION NEEDED Your account is currently enrolled in our AutoPay program. Your payment,1722068446000,CATEGORY_PERSONAL,Collier County FL <no-reply@invoicecloud.net>,You have a new invoice from Collier County FL! View Invoice or Pay Now Want to be reminded later? Click here. NO ACTION NEEDED Your account is currently enrolled in our AutoPay program. Your payment,No,1722068446000,important
190f5e70f179a952,Breaking news: Men's swimmers win first U.S. gold of the Paris Olympics,"View in browser | nytimes.com BREAKING NEWS From The Athletic: The United States won its first gold of the 2024 Games, in the men&#39;s 4Ã—100-meter freestyle relay. Saturday, July 27, 2024 4:32 PM ET",1722112329000,"UNREAD,CATEGORY_SOCIAL,INBOX",The New York Times <nytdirect@nytimes.com>,"View in browser | nytimes.com BREAKING NEWS From The Athletic: The United States won its first gold of the 2024 Games, in the men&#39;s 4Ã—100-meter freestyle relay. Saturday, July 27, 2024 4:32 PM ET",No,1722112329000,neutral
190f5ceb6fe185f3,Your mission: Secure the meatball ğŸ,Stream My Spy The Eternal City on Prime Video Í Í Í Í Í Í Í Í Í Í Í Í Í Í Í Í Í Í Í Í Í Í Í Í Í Í Í Í Í Í Í Í Í Í Í Í Í Í Í Í Í Í Í Í Í Í Í Í Í Í Í Í Í Í Í Í Í Í Í Í Í Í Í Í Í Í Í Í Í Í Í Í Í Í Í Í Í Í,1722110881000,"CATEGORY_PROMOTIONS,UNREAD,INBOX",Grubhub <email@a.grubhub.com>,Stream My Spy The Eternal City on Prime Video Í Í Í Í Í Í Í Í Í Í Í Í Í Í Í Í Í Í Í Í Í Í Í Í Í Í Í Í Í Í Í Í Í Í Í Í Í Í Í Í Í Í Í Í Í Í Í Í Í Í Í Í Í Í Í Í Í Í Í Í Í Í Í Í Í Í Í Í Í Í Í Í Í Í Í Í Í Í,No,1722110881000,neutral
190f5c9a3db5ee15,Breaking news: Ariarne Titmus wins gold in first Paris Olympics women's swimming final,"View in browser | nytimes.com BREAKING NEWS From The Athletic: Ariarne Titmus took gold in one of the first premier events of the 2024 Olympics, beating Summer McIntosh and her longtime rival, Katie",1722110373000,"UNREAD,CATEGORY_SOCIAL,INBOX",The New York Times <nytdirect@nytimes.com>,"View in browser | nytimes.com BREAKING NEWS From The Athletic: Ariarne Titmus took gold in one of the first premier events of the 2024 Olympics, beating Summer McIntosh and her longtime rival, Katie",No,1722110373000,neutral
190f5b95a96ddd2e,it's demo day. come see :).,"its a big day today. 6-wks ago -- 70000 ideas entered n&amp;w s5. people making robots, music, movies, ai apps, all types of stuff. 6-wks later -- 2000+ new ideas have been forged from nothing. these",1722109480000,"UNREAD,CATEGORY_UPDATES,INBOX",Farza <support@buildspace.so>,"its a big day today. 6-wks ago -- 70000 ideas entered n&amp;w s5. people making robots, music, movies, ai apps, all types of stuff. 6-wks later -- 2000+ new ideas have been forged from nothing. these",No,1722109480000,neutral
190f5b9490ba973e,it's demo day. come see :).,"its a big day today. 6-wks ago -- 70000 ideas entered n&amp;w s5. people making robots, music, movies, ai apps, all types of stuff. 6-wks later -- 2000+ new ideas have been forged from nothing. these",1722109472000,"UNREAD,CATEGORY_UPDATES,INBOX",Farza <support@buildspace.so>,"its a big day today. 6-wks ago -- 70000 ideas entered n&amp;w s5. people making robots, music, movies, ai apps, all types of stuff. 6-wks later -- 2000+ new ideas have been forged from nothing. these",No,1722109472000,neutral
190f5b9376235dea,it's demo day. come see :).,"its a big day today. 6-wks ago -- 70000 ideas entered n&amp;w s5. people making robots, music, movies, ai apps, all types of stuff. 6-wks later -- 2000+ new ideas have been forged from nothing. these",1722109472000,"UNREAD,CATEGORY_UPDATES,INBOX",Farza <support@buildspace.so>,"its a big day today. 6-wks ago -- 70000 ideas entered n&amp;w s5. people making robots, music, movies, ai apps, all types of stuff. 6-wks later -- 2000+ new ideas have been forged from nothing. these",No,1722109472000,neutral
190f5621457af6bd,Zego Payment Reminder,"Dear Tejus, As requested, this is your payment reminder. If you have already made a payment, please disregard this message. Please click on the link below to initiate your payment. Go to My Account To",1722103761000,"UNREAD,CATEGORY_UPDATES,INBOX","""Zego (A Global Payments Company)"" <noreply@gozego.com>","Dear Tejus, As requested, this is your payment reminder. If you have already made a payment, please disregard this message. Please click on the link below to initiate your payment. Go to My Account To",No,1722103761000,important
190f5428da3673ba,Giving Account Statement Notice,"View in your browser Your Giving Account Â® statement is now available Dear Sunil Kayiti, , Your most recent Giving Account Â® statement is available online for you to view, along with the Quarterly Pool",1722101696000,"UNREAD,CATEGORY_PERSONAL",Fidelity_Charitable <FCGFUND@mail.fidelity.com>,"View in your browser Your Giving Account Â® statement is now available Dear Sunil Kayiti, , Your most recent Giving Account Â® statement is available online for you to view, along with the Quarterly Pool",No,1722101696000,important
190f4fd44df386f4,Your CVS.com Order Confirmation,"Prescription Center Store Locator Contact Us Order confirmation July 27, 2024 Thank you for your order Hello Sunil, We&#39;ve received your order and will begin processing it shortly. If we run into",1722097153000,CATEGORY_UPDATES,"""CVS.com"" <CVS.com@cvshealth.com>","Prescription Center Store Locator Contact Us Order confirmation July 27, 2024 Thank you for your order Hello Sunil, We&#39;ve received your order and will begin processing it shortly. If we run into",No,1722097153000,important
190f46c7b33b759a,FPL Account: Your bill is ready to be viewed online,Your payment of $152.46 will be processed automatically. â€Œ â€Œ â€Œ â€Œ â€Œ â€Œ â€Œ â€Œ â€Œ â€Œ â€Œ â€Œ â€Œ â€Œ â€Œ â€Œ â€Œ â€Œ â€Œ â€Œ â€Œ â€Œ â€Œ â€Œ â€Œ â€Œ â€Œ â€Œ â€Œ â€Œ â€Œ â€Œ â€Œ â€Œ â€Œ â€Œ â€Œ â€Œ â€Œ â€Œ â€Œ â€Œ â€Œ â€Œ â€Œ â€Œ â€Œ â€Œ â€Œ â€Œ â€Œ â€Œ â€Œ â€Œ â€Œ â€Œ â€Œ â€Œ â€Œ â€Œ â€Œ â€Œ â€Œ â€Œ â€Œ â€Œ Even out,1722087667000,CATEGORY_UPDATES,FPL Email Bill <FPL_Email_Bill@billing.fpl.com>,Your payment of $152.46 will be processed automatically. â€Œ â€Œ â€Œ â€Œ â€Œ â€Œ â€Œ â€Œ â€Œ â€Œ â€Œ â€Œ â€Œ â€Œ â€Œ â€Œ â€Œ â€Œ â€Œ â€Œ â€Œ â€Œ â€Œ â€Œ â€Œ â€Œ â€Œ â€Œ â€Œ â€Œ â€Œ â€Œ â€Œ â€Œ â€Œ â€Œ â€Œ â€Œ â€Œ â€Œ â€Œ â€Œ â€Œ â€Œ â€Œ â€Œ â€Œ â€Œ â€Œ â€Œ â€Œ â€Œ â€Œ â€Œ â€Œ â€Œ â€Œ â€Œ â€Œ â€Œ â€Œ â€Œ â€Œ â€Œ â€Œ â€Œ Even out,No,1722087667000,important
190f5253cfd5bd39,Get delivery from Walgreens through Instacart!,Save time and add some convenience to your life. â€Œ â€Œ â€Œ â€Œ â€Œ â€Œ â€Œ â€Œ â€Œ â€Œ â€Œ â€Œ â€Œ â€Œ â€Œ â€Œ â€Œ â€Œ â€Œ â€Œ â€Œ â€Œ â€Œ â€Œ â€Œ â€Œ â€Œ â€Œ â€Œ â€Œ â€Œ â€Œ â€Œ â€Œ â€Œ â€Œ â€Œ â€Œ â€Œ â€Œ â€Œ â€Œ â€Œ â€Œ â€Œ â€Œ â€Œ â€Œ â€Œ â€Œ â€Œ â€Œ â€Œ â€Œ â€Œ â€Œ â€Œ â€Œ â€Œ â€Œ â€Œ â€Œ â€Œ â€Œ â€Œ â€Œ â€Œ â€Œ â€Œ â€Œ â€Œ â€Œ â€Œ â€Œ â€Œ â€Œ,1722099773000,"CATEGORY_PROMOTIONS,UNREAD,TRASH",Instacart <no-reply@customers.instacartemail.com>,Save time and add some convenience to your life. â€Œ â€Œ â€Œ â€Œ â€Œ â€Œ â€Œ â€Œ â€Œ â€Œ â€Œ â€Œ â€Œ â€Œ â€Œ â€Œ â€Œ â€Œ â€Œ â€Œ â€Œ â€Œ â€Œ â€Œ â€Œ â€Œ â€Œ â€Œ â€Œ â€Œ â€Œ â€Œ â€Œ â€Œ â€Œ â€Œ â€Œ â€Œ â€Œ â€Œ â€Œ â€Œ â€Œ â€Œ â€Œ â€Œ â€Œ â€Œ â€Œ â€Œ â€Œ â€Œ â€Œ â€Œ â€Œ â€Œ â€Œ â€Œ â€Œ â€Œ â€Œ â€Œ â€Œ â€Œ â€Œ â€Œ â€Œ â€Œ â€Œ â€Œ â€Œ â€Œ â€Œ â€Œ â€Œ â€Œ,No,1722099773000,unimportant
190f51446ad74d05,â° Anu Reddy just posted a story that expires in 24 hours,"The story will expire tomorrow at 7:04 AM, so don&#39;t miss out on the opportunity to see it. See Anu&#39;s recent story while it&#39;s still available. Anu Reddy added to her story. July 27 at 7:04",1722098654000,"TRASH,CATEGORY_SOCIAL",Facebook <friendupdates@facebookmail.com>,"The story will expire tomorrow at 7:04 AM, so don&#39;t miss out on the opportunity to see it. See Anu&#39;s recent story while it&#39;s still available. Anu Reddy added to her story. July 27 at 7:04",No,1722098654000,read_trash
190f4f03cc3aa6a9,"On a commuter train, a conversation between a clueless gentlemen and a commuter progressed, as follows. â€œExcuse me. I think Iâ€™ve seen you, before. ...","On a commuter train, a conversation between a clueless gentlemen and a commuter progressed, as follows. â€œExcuse me. I think I&#39;ve seen you, before. Have you ever been to Miami Beach? â€œNo, I haven",1722096301000,"CATEGORY_PROMOTIONS,UNREAD,TRASH",So you funny too <soyoufunnytoo-space@quora.com>,"On a commuter train, a conversation between a clueless gentlemen and a commuter progressed, as follows. â€œExcuse me. I think I&#39;ve seen you, before. Have you ever been to Miami Beach? â€œNo, I haven",No,1722096301000,unimportant
190f4c2bce85c635,ğŸ“ Saket Mereddy was at University of Colorado Anschutz Medical Campus,Loadingâ€¦ğŸ©º ğŸ“ Saket Mereddy was at University of Colorado Anschutz Medical Campus. July 26 at 7:55 PM View Checkin 26 people reacted to this. Was this email:Useful | Not Useful This message was sent to,1722093314000,"TRASH,CATEGORY_SOCIAL",Saket on Facebook <friendupdates@facebookmail.com>,Loadingâ€¦ğŸ©º ğŸ“ Saket Mereddy was at University of Colorado Anschutz Medical Campus. July 26 at 7:55 PM View Checkin 26 people reacted to this. Was this email:Useful | Not Useful This message was sent to,No,1722093314000,read_trash
190f4c0132f7880f,"ğŸŒŠ Sunil, Your Summer Escape Awaits! Find Unbeatable Deals Inside.",Embrace summer with member-exclusive hotel savings. Íâ€Œ Íâ€Œ Íâ€Œ Íâ€Œ Íâ€Œ Íâ€Œ Íâ€Œ Íâ€Œ Íâ€Œ Íâ€Œ Íâ€Œ Íâ€Œ Íâ€Œ Íâ€Œ Íâ€Œ Íâ€Œ Íâ€Œ Íâ€Œ Íâ€Œ Íâ€Œ Íâ€Œ Íâ€Œ Íâ€Œ Íâ€Œ Íâ€Œ Íâ€Œ Íâ€Œ Íâ€Œ Íâ€Œ Íâ€Œ Íâ€Œ Íâ€Œ Íâ€Œ Íâ€Œ Íâ€Œ Íâ€Œ Íâ€Œ Íâ€Œ Íâ€Œ 1.844.493.8997 1.844.493.8997 |,1722092796000,"CATEGORY_PROMOTIONS,UNREAD,TRASH",RCI <RCI@mail.rci.com>,Embrace summer with member-exclusive hotel savings. Íâ€Œ Íâ€Œ Íâ€Œ Íâ€Œ Íâ€Œ Íâ€Œ Íâ€Œ Íâ€Œ Íâ€Œ Íâ€Œ Íâ€Œ Íâ€Œ Íâ€Œ Íâ€Œ Íâ€Œ Íâ€Œ Íâ€Œ Íâ€Œ Íâ€Œ Íâ€Œ Íâ€Œ Íâ€Œ Íâ€Œ Íâ€Œ Íâ€Œ Íâ€Œ Íâ€Œ Íâ€Œ Íâ€Œ Íâ€Œ Íâ€Œ Íâ€Œ Íâ€Œ Íâ€Œ Íâ€Œ Íâ€Œ Íâ€Œ Íâ€Œ Íâ€Œ 1.844.493.8997 1.844.493.8997 |,No,1722092796000,unimportant
190f49d031933583,"Your Amazon.com order of ""Kipzy Lycra Saree..."" has shipped!","Amazon Shipping Confirmation https://www.amazon.com?ie=UTF8&amp;ref_=scr_home ____________________________________________________________________ Hi sunkay, your package will arrive: Sunday, July 28",1722090848000,"TRASH,CATEGORY_UPDATES","""Amazon.com"" <shipment-tracking@amazon.com>","Amazon Shipping Confirmation https://www.amazon.com?ie=UTF8&amp;ref_=scr_home ____________________________________________________________________ Hi sunkay, your package will arrive: Sunday, July 28",No,1722090848000,read_trash
190f492da73973f2,Brighten Up Your Home with Colorful Finds! ğŸŒˆ,Enjoy 0% interest financing for 60 months in-store only! Ashley Logo Click here for your store&#39;s current hours Top Deals | Living Room | Bedroom | Dining Room | Finance Offers Deals | Living Room |,1722090181000,"CATEGORY_PROMOTIONS,UNREAD,TRASH",Ashley <shop@zm.ashley.com>,Enjoy 0% interest financing for 60 months in-store only! Ashley Logo Click here for your store&#39;s current hours Top Deals | Living Room | Bedroom | Dining Room | Finance Offers Deals | Living Room |,No,1722090181000,unimportant
190f48dde509f3f1,The U.S. Economy Is Pulling Off Something Historic,"The Bullet in My Mother&#39;s Head. The World&#39;s Greatest Places of 2024. pocket pocket July 27, 2024 Skibidi Toilet, Olympic Swimwear, and Costco Travel Ten picks for today, curated by our editors.",1722089851000,"CATEGORY_PROMOTIONS,UNREAD,TRASH",Pocket <team@today.getpocket.com>,"The Bullet in My Mother&#39;s Head. The World&#39;s Greatest Places of 2024. pocket pocket July 27, 2024 Skibidi Toilet, Olympic Swimwear, and Costco Travel Ten picks for today, curated by our editors.",No,1722089851000,unimportant
190f4827dc8188fe,"Sometimes, we write articles that powerful people donâ€™t like.","Have your finger on the pulse of health care politics and policy out of Washington, DC Enjoy 30% off your STAT+ subscription. Log In STAT+ EvergreenPromo_v1_Email_Politics copy Hello STAT reader, The",1722089106000,"UNREAD,TRASH,CATEGORY_UPDATES","""STAT+"" <marketing@statnews.com>","Have your finger on the pulse of health care politics and policy out of Washington, DC Enjoy 30% off your STAT+ subscription. Log In STAT+ EvergreenPromo_v1_Email_Politics copy Hello STAT reader, The",No,1722089106000,neutral
190f42e4892eb4ae,"USPSÂ® Expected Delivery on Saturday, July 27, 2024 arriving by 9:00pm 9361289684034411998850","USPS Logo Hello , Your item is out for delivery on July 27, 2024 at 8:26 am in GILFORD, NH 03249. USPS expects to deliver your package today by 9:00pm. Tracking Number: 9361289684034411998850 Out for",1722083591000,"IMPORTANT,TRASH,CATEGORY_UPDATES",auto-reply@usps.com,"USPS Logo Hello , Your item is out for delivery on July 27, 2024 at 8:26 am in GILFORD, NH 03249. USPS expects to deliver your package today by 9:00pm. Tracking Number: 9361289684034411998850 Out for",No,1722083591000,read_trash
190f1658e4020a24,Thanks for your payment.,View your payment details. â€Œ â€Œ â€Œ â€Œ â€Œ â€Œ â€Œ â€Œ â€Œ â€Œ â€Œ â€Œ â€Œ Verizon Homepage Shop Support My Verizon We&#39;ve received your payment. View payment history Payment details Payment date: 07/26/2024 Payment,1722036879000,"UNREAD,CATEGORY_UPDATES",Verizon Wireless <VZWMail@ecrmemail.verizonwireless.com>,View your payment details. â€Œ â€Œ â€Œ â€Œ â€Œ â€Œ â€Œ â€Œ â€Œ â€Œ â€Œ â€Œ â€Œ Verizon Homepage Shop Support My Verizon We&#39;ve received your payment. View payment history Payment details Payment date: 07/26/2024 Payment,No,1722036879000,important
190f0cfb49bd6af3,Shlomo just messaged you,1 new message awaits your response Í Í Í Í Í Í Í Í Í Í Í Í Í Í Í Í Í Í Í Í Í Í Í Í Í Í Í Í Í Í Í Í Í Í Í Í Í Í Í Í Í Í Í Í Í Í Í Í Í Í Í Í Í Í Í Í Í Í Í Í Í Í Í Í Í Í Í Í Í Í Í Í Í Í Í Í Í Í Í Í Í Í Í,1722027058000,CATEGORY_UPDATES,Shlomo Todd via LinkedIn <messaging-digest-noreply@linkedin.com>,1 new message awaits your response Í Í Í Í Í Í Í Í Í Í Í Í Í Í Í Í Í Í Í Í Í Í Í Í Í Í Í Í Í Í Í Í Í Í Í Í Í Í Í Í Í Í Í Í Í Í Í Í Í Í Í Í Í Í Í Í Í Í Í Í Í Í Í Í Í Í Í Í Í Í Í Í Í Í Í Í Í Í Í Í Í Í Í,No,1722027058000,summarizable
190f072984547fce,"""Snow Belt to Sun Belt Migration: End of an Era?""",Here is new working paper from Sylvain Leduc and Daniel J. Í Í Í Í Í Í Í Í Í Í Í Í Í Í Í Í Í Í Í Í Í Í Í Í Í Í Í Í Í Í Í Í Í Í Í Í Í Í Í Í Í Í Í Í Í Í Í Í Í Í Í Í Í Í Í Í Í Í Í Í Í Í Í Í Í Í Í Í Í Í Í,1722020940000,"Label_2160153273738573553,CATEGORY_SOCIAL",CalculatedRisk Real Estate News <calculatedrisk@substack.com>,Here is new working paper from Sylvain Leduc and Daniel J. Í Í Í Í Í Í Í Í Í Í Í Í Í Í Í Í Í Í Í Í Í Í Í Í Í Í Í Í Í Í Í Í Í Í Í Í Í Í Í Í Í Í Í Í Í Í Í Í Í Í Í Í Í Í Í Í Í Í Í Í Í Í Í Í Í Í Í Í Í Í Í,No,1722020940000,neutral
190eff0d4231ea26,"5-Bullet Friday â€” An Alzheimerâ€™s Breakthrough, Creation vs. Criticism, Ape Memories, and More",â€œHeresies are experiments in man&#39;s unsatisfied search for truth.â€ â€” â€‹HG Wellsâ€‹ â€Œ â€Œ â€Œ â€Œ â€Œ â€Œ â€Œ â€Œ â€Œ â€Œ â€Œ â€Œ â€Œ â€Œ â€Œ â€Œ â€Œ â€Œ â€Œ â€Œ â€Œ â€Œ â€Œ â€Œ â€Œ â€Œ â€Œ â€Œ â€Œ â€Œ â€Œ â€Œ â€Œ â€Œ â€Œ â€Œ â€Œ â€Œ â€Œ â€Œ â€Œ â€Œ â€Œ â€Œ â€Œ â€Œ â€Œ â€Œ â€Œ â€Œ â€Œ â€Œ â€Œ â€Œ â€Œ â€Œ â€Œ â€Œ â€Œ,1722012455000,"CATEGORY_UPDATES,INBOX",Tim Ferriss <tim@fourhourbody.com>,â€œHeresies are experiments in man&#39;s unsatisfied search for truth.â€ â€” â€‹HG Wellsâ€‹ â€Œ â€Œ â€Œ â€Œ â€Œ â€Œ â€Œ â€Œ â€Œ â€Œ â€Œ â€Œ â€Œ â€Œ â€Œ â€Œ â€Œ â€Œ â€Œ â€Œ â€Œ â€Œ â€Œ â€Œ â€Œ â€Œ â€Œ â€Œ â€Œ â€Œ â€Œ â€Œ â€Œ â€Œ â€Œ â€Œ â€Œ â€Œ â€Œ â€Œ â€Œ â€Œ â€Œ â€Œ â€Œ â€Œ â€Œ â€Œ â€Œ â€Œ â€Œ â€Œ â€Œ â€Œ â€Œ â€Œ â€Œ â€Œ â€Œ,No,1722012455000,neutral
190ef5d20ea80f8c,Important electric rate notice,See how your rate could be impacted â€Œ â€Œ â€Œ â€Œ â€Œ â€Œ â€Œ â€Œ â€Œ â€Œ â€Œ â€Œ â€Œ â€Œ â€Œ â€Œ â€Œ â€Œ â€Œ â€Œ â€Œ â€Œ â€Œ â€Œ â€Œ â€Œ â€Œ â€Œ â€Œ â€Œ â€Œ â€Œ â€Œ â€Œ â€Œ â€Œ â€Œ â€Œ â€Œ â€Œ â€Œ â€Œ â€Œ â€Œ â€Œ â€Œ â€Œ â€Œ â€Œ â€Œ â€Œ â€Œ â€Œ â€Œ â€Œ â€Œ â€Œ â€Œ â€Œ â€Œ â€Œ â€Œ â€Œ â€Œ â€Œ â€Œ â€Œ â€Œ â€Œ â€Œ â€Œ â€Œ â€Œ â€Œ â€Œ â€Œ â€Œ â€Œ â€Œ â€Œ â€Œ â€Œ â€Œ,1722002731000,"CATEGORY_UPDATES,INBOX",Eversource Energy <communications@email.eversource.com>,See how your rate could be impacted â€Œ â€Œ â€Œ â€Œ â€Œ â€Œ â€Œ â€Œ â€Œ â€Œ â€Œ â€Œ â€Œ â€Œ â€Œ â€Œ â€Œ â€Œ â€Œ â€Œ â€Œ â€Œ â€Œ â€Œ â€Œ â€Œ â€Œ â€Œ â€Œ â€Œ â€Œ â€Œ â€Œ â€Œ â€Œ â€Œ â€Œ â€Œ â€Œ â€Œ â€Œ â€Œ â€Œ â€Œ â€Œ â€Œ â€Œ â€Œ â€Œ â€Œ â€Œ â€Œ â€Œ â€Œ â€Œ â€Œ â€Œ â€Œ â€Œ â€Œ â€Œ â€Œ â€Œ â€Œ â€Œ â€Œ â€Œ â€Œ â€Œ â€Œ â€Œ â€Œ â€Œ â€Œ â€Œ â€Œ â€Œ â€Œ â€Œ â€Œ â€Œ â€Œ â€Œ,No,1722002731000,neutral
190eef740eb825af,"SWLW #609: How to spot High Agency people, The magic of acorns, and more.","Weekly articles &amp; videos about people, culture and leadership: everything you need to design the org that makes the product. A weekly newsletter by Oren Ellenbogen with the best content I found",1721996081000,"UNREAD,CATEGORY_UPDATES,INBOX",Oren Ellenbogen <oren@softwareleadweekly.com>,"Weekly articles &amp; videos about people, culture and leadership: everything you need to design the org that makes the product. A weekly newsletter by Oren Ellenbogen with the best content I found",No,1721996081000,neutral
190eec6f49f4f3b9,"Your Daily Digest for Fri, 7/26 is ready to view",COMING TO YOU SOON You have 1 mailpiece(s) and 0 inbound package(s) arriving soon. Friday 26 July 2024 1 Mailpiece(s) 0 Package(s) You have 1 mailpiece(s) and 0 inbound package(s) arriving soon. Jul 26,1721992934000,"CATEGORY_UPDATES,INBOX",USPS Informed Delivery <USPSInformeddelivery@email.informeddelivery.usps.com>,COMING TO YOU SOON You have 1 mailpiece(s) and 0 inbound package(s) arriving soon. Friday 26 July 2024 1 Mailpiece(s) 0 Package(s) You have 1 mailpiece(s) and 0 inbound package(s) arriving soon. Jul 26,No,1721992934000,neutral
190eec1339c5b1bb,Tech Stocks Rotation Shows Market Confusion. Why It May Be Time to Bail.,"Barron&#39;s Daily July 26, 2024 Read in browser Sponsored By: Johannes Eisele/AFP via Getty Images Tech Stocks Rotation Shows Market Confusion, Why It May Be Time to Bail. And 4 Other Things to Know",1721992382000,"Label_2878974331142224262,CATEGORY_SOCIAL,INBOX","""The Barron's Daily"" <thebarronsdaily@barrons.com>","Barron&#39;s Daily July 26, 2024 Read in browser Sponsored By: Johannes Eisele/AFP via Getty Images Tech Stocks Rotation Shows Market Confusion, Why It May Be Time to Bail. And 4 Other Things to Know",No,1721992382000,neutral
190ee9e6feac3cef,The Morning: The new race,"Plus, drug cartels, arson in France and â€œunderconsumption core.â€ View in browser|nytimes.com Ad July 26, 2024 Ad Author Headshot By David Leonhardt Good morning. We&#39;re making three points about the",1721989861000,"CATEGORY_SOCIAL,INBOX",The New York Times <nytdirect@nytimes.com>,"Plus, drug cartels, arson in France and â€œunderconsumption core.â€ View in browser|nytimes.com Ad July 26, 2024 Ad Author Headshot By David Leonhardt Good morning. We&#39;re making three points about the",No,1721989861000,neutral
190ee878211fa8c7,"The World in Brief: Obama ""thrilled"" to endorse Harris",Also: Arsonists target Paris Olympics â€Œ â€Œ â€Œ â€Œ â€Œ â€Œ â€Œ â€Œ â€Œ â€Œ â€Œ â€Œ â€Œ â€Œ â€Œ â€Œ â€Œ â€Œ â€Œ â€Œ â€Œ â€Œ â€Œ â€Œ â€Œ â€Œ â€Œ â€Œ â€Œ â€Œ â€Œ â€Œ â€Œ â€Œ â€Œ â€Œ â€Œ â€Œ â€Œ â€Œ â€Œ â€Œ â€Œ â€Œ â€Œ â€Œ â€Œ â€Œ â€Œ â€Œ â€Œ â€Œ â€Œ â€Œ â€Œ â€Œ â€Œ â€Œ â€Œ â€Œ â€Œ â€Œ â€Œ â€Œ â€Œ â€Œ â€Œ â€Œ â€Œ â€Œ â€Œ â€Œ â€Œ â€Œ â€Œ â€Œ â€Œ â€Œ â€Œ â€Œ â€Œ â€Œ,1721988771000,"CATEGORY_UPDATES,INBOX",The Economist <noreply@e.economist.com>,Also: Arsonists target Paris Olympics â€Œ â€Œ â€Œ â€Œ â€Œ â€Œ â€Œ â€Œ â€Œ â€Œ â€Œ â€Œ â€Œ â€Œ â€Œ â€Œ â€Œ â€Œ â€Œ â€Œ â€Œ â€Œ â€Œ â€Œ â€Œ â€Œ â€Œ â€Œ â€Œ â€Œ â€Œ â€Œ â€Œ â€Œ â€Œ â€Œ â€Œ â€Œ â€Œ â€Œ â€Œ â€Œ â€Œ â€Œ â€Œ â€Œ â€Œ â€Œ â€Œ â€Œ â€Œ â€Œ â€Œ â€Œ â€Œ â€Œ â€Œ â€Œ â€Œ â€Œ â€Œ â€Œ â€Œ â€Œ â€Œ â€Œ â€Œ â€Œ â€Œ â€Œ â€Œ â€Œ â€Œ â€Œ â€Œ â€Œ â€Œ â€Œ â€Œ â€Œ â€Œ â€Œ,No,1721988771000,summarizable
190f16cf48c04f49,"Sunil, your new Amex Offers are inside!",We have your back with a variety of ways to earn rewards. Manage Email Preferences No Images? View this online AMERICAN EXPRESS Don&#39;t Live Life Without It Account ending: 03001 Member since: 1992,1722037364000,"UNREAD,TRASH,CATEGORY_PERSONAL",Amex Offers from American Express <americanexpress@member.americanexpress.com>,We have your back with a variety of ways to earn rewards. Manage Email Preferences No Images? View this online AMERICAN EXPRESS Don&#39;t Live Life Without It Account ending: 03001 Member since: 1992,No,1722037364000,neutral
190f168ea1cfb78f,ğŸ”” Your deposit alert in Monarch,"Hi Sunny, A deposit of $7870 categorized as ğŸ’µ Paychecks from Omada Health Direct Deposit was deposited into Adv Relationship Banking (...8276). View Transaction You can update your notification",1722037098000,"UNREAD,TRASH,CATEGORY_UPDATES",Monarch Money <email@email.monarchmoney.com>,"Hi Sunny, A deposit of $7870 categorized as ğŸ’µ Paychecks from Omada Health Direct Deposit was deposited into Adv Relationship Banking (...8276). View Transaction You can update your notification",No,1722037098000,neutral
190f165ef03184d2,"Fidelity Alerts - Weekly News, Commentary and Research",Weekly Summary Alert Fidelity Investments. Quick Links: Alerts Center Alerts Delivery Preferences Temporarily Stop Alerts Contact Us Legal Information Here is the info you requested: Weekly Summary,1722036907000,"UNREAD,TRASH,CATEGORY_UPDATES",Fidelity Investments <Fidelity.Alerts@fidelity.com>,Weekly Summary Alert Fidelity Investments. Quick Links: Alerts Center Alerts Delivery Preferences Temporarily Stop Alerts Contact Us Legal Information Here is the info you requested: Weekly Summary,No,1722036907000,neutral
190f1602551058ce,You have 2 new invitations,You have 2 new invitations Í Í Í Í Í Í Í Í Í Í Í Í Í Í Í Í Í Í Í Í Í Í Í Í Í Í Í Í Í Í Í Í Í Í Í Í Í Í Í Í Í Í Í Í Í Í Í Í Í Í Í Í Í Í Í Í Í Í Í Í Í Í Í Í Í Í Í Í Í Í Í Í Í Í Í Í Í Í Í Í Í Í Í Í Í Í Í,1722036527000,"UNREAD,TRASH,CATEGORY_SOCIAL",LinkedIn <notifications-noreply@linkedin.com>,You have 2 new invitations Í Í Í Í Í Í Í Í Í Í Í Í Í Í Í Í Í Í Í Í Í Í Í Í Í Í Í Í Í Í Í Í Í Í Í Í Í Í Í Í Í Í Í Í Í Í Í Í Í Í Í Í Í Í Í Í Í Í Í Í Í Í Í Í Í Í Í Í Í Í Í Í Í Í Í Í Í Í Í Í Í Í Í Í Í Í Í,No,1722036527000,summarizable
190f146c602f7d0f,Starts TODAY! Extra 20% Off Your Purchase,And Take 25% Off New Denim + FREE SHIPPING VIEW IN BROWSER FREE GROUND SHIPPING ON ALL US ORDERS OVER $85 Lucky Brand JEANS WOMEN MEN SALE Limited Time - Email Exclusive EXTRA 20% OFF Your Purchase,1722034850000,"CATEGORY_PROMOTIONS,UNREAD,TRASH",Lucky Brand <luckybrand@cs.luckybrand.com>,And Take 25% Off New Denim + FREE SHIPPING VIEW IN BROWSER FREE GROUND SHIPPING ON ALL US ORDERS OVER $85 Lucky Brand JEANS WOMEN MEN SALE Limited Time - Email Exclusive EXTRA 20% OFF Your Purchase,No,1722034850000,unimportant
190f11d06003b850,What did you think of Scoop?,Either way let us know. Í Í Í Í Í Í Í Í Í Í Í Í Í Í Í Í Í Í Í Í Í Í Í Í Í Í Í Í Í Í Í Í Í Í Í Í Í Í Í Í Í Í Í Í Í Í Í Í Í Í Í Í Í Í Í Í Í Í Í Í Í Í Í Í Í Í Í Í Í Í Í Í Í Í Í Í Í Í Í Í Í Í Í Í Í Í Í Í Í,1722032129000,"CATEGORY_PROMOTIONS,TRASH",Netflix <info@members.netflix.com>,Either way let us know. Í Í Í Í Í Í Í Í Í Í Í Í Í Í Í Í Í Í Í Í Í Í Í Í Í Í Í Í Í Í Í Í Í Í Í Í Í Í Í Í Í Í Í Í Í Í Í Í Í Í Í Í Í Í Í Í Í Í Í Í Í Í Í Í Í Í Í Í Í Í Í Í Í Í Í Í Í Í Í Í Í Í Í Í Í Í Í Í Í,No,1722032129000,read_trash
190f11bfba2c7203,"Executive Director at Studio for High Performance Design and Construction and 9 more jobs in Boston, MA for you. Apply Now.","Takeda Pharmaceuticals is hiring Glassdoor Jobs Your daily job listings for July 26, 2024 Vp Boston, MA The Charles River Center 3.5 â˜… Chief Financial Officer (CFO) Needham, MA $180K (Employer est.)",1722032056000,"UNREAD,TRASH,CATEGORY_UPDATES",Glassdoor Jobs <noreply@glassdoor.com>,"Takeda Pharmaceuticals is hiring Glassdoor Jobs Your daily job listings for July 26, 2024 Vp Boston, MA The Charles River Center 3.5 â˜… Chief Financial Officer (CFO) Needham, MA $180K (Employer est.)",No,1722032056000,summarizable
190f101c4fa568e8,"Rude Couple Parked Where They Werenâ€™t Allowed, So A Driver Decided To Block Them And Take His Sweet Time ğŸ˜‚","Top stories this week: Our most notable stories and conversation starters. ğŸ¿ Rude Couple Insisted On Parking Where They Weren&#39;t Allowed, So A Truck Driver Decided To Block Them In And Take His",1722030338000,"TRASH,CATEGORY_UPDATES",TwistedSifter <admin@twistedsifter.com>,"Top stories this week: Our most notable stories and conversation starters. ğŸ¿ Rude Couple Insisted On Parking Where They Weren&#39;t Allowed, So A Truck Driver Decided To Block Them In And Take His",No,1722030338000,read_trash
190f0f51c99cb1b2,"WSJ News Alert: Harris Erases Trumpâ€™s Lead, WSJ Poll Finds",Breaking news from The Wall Street Journal. â€Œ â€Œ â€Œ â€Œ â€Œ â€Œ â€Œ â€Œ â€Œ â€Œ â€Œ â€Œ â€Œ â€Œ â€Œ â€Œ â€Œ â€Œ â€Œ â€Œ â€Œ â€Œ â€Œ â€Œ â€Œ â€Œ â€Œ â€Œ â€Œ â€Œ â€Œ â€Œ â€Œ â€Œ â€Œ â€Œ â€Œ â€Œ â€Œ â€Œ â€Œ â€Œ â€Œ â€Œ â€Œ â€Œ â€Œ â€Œ â€Œ â€Œ â€Œ â€Œ â€Œ â€Œ â€Œ â€Œ â€Œ â€Œ â€Œ â€Œ â€Œ â€Œ â€Œ â€Œ â€Œ â€Œ â€Œ â€Œ â€Œ â€Œ â€Œ â€Œ â€Œ â€Œ â€Œ â€Œ â€Œ â€Œ â€Œ,1722029490000,"UNREAD,TRASH,CATEGORY_UPDATES","""The Wall Street Journal."" <access@interactive.wsj.com>",Breaking news from The Wall Street Journal. â€Œ â€Œ â€Œ â€Œ â€Œ â€Œ â€Œ â€Œ â€Œ â€Œ â€Œ â€Œ â€Œ â€Œ â€Œ â€Œ â€Œ â€Œ â€Œ â€Œ â€Œ â€Œ â€Œ â€Œ â€Œ â€Œ â€Œ â€Œ â€Œ â€Œ â€Œ â€Œ â€Œ â€Œ â€Œ â€Œ â€Œ â€Œ â€Œ â€Œ â€Œ â€Œ â€Œ â€Œ â€Œ â€Œ â€Œ â€Œ â€Œ â€Œ â€Œ â€Œ â€Œ â€Œ â€Œ â€Œ â€Œ â€Œ â€Œ â€Œ â€Œ â€Œ â€Œ â€Œ â€Œ â€Œ â€Œ â€Œ â€Œ â€Œ â€Œ â€Œ â€Œ â€Œ â€Œ â€Œ â€Œ â€Œ â€Œ,No,1722029490000,neutral
190f0efc57acfc0c,ğŸ“ˆ 21224 is in demand and picking up â†—ï¸,"Homebot July Homebot 231 N Rose St ğŸ“ˆ 21224 is in demand and picking up â†—ï¸ based on home prices, inventory and days on the market See 21224 report For You (Beta) New Galleries Save time with curated,",1722029163000,"UNREAD,TRASH,CATEGORY_UPDATES",The Parham Team <hello@homebotapp.com>,"Homebot July Homebot 231 N Rose St ğŸ“ˆ 21224 is in demand and picking up â†—ï¸ based on home prices, inventory and days on the market See 21224 report For You (Beta) New Galleries Save time with curated,",No,1722029163000,neutral
190ec518b2ea3df4,Account Profile,"Attn: SUNIL KAYITI Listed below is your account information, IMPORTANT: Please verify that ALL information on this sheet is correct. Incorrect license plate and license plate type information could",1721951683000,"CATEGORY_PERSONAL,INBOX",donotreply@mail.ezpassnh.com,"Attn: SUNIL KAYITI Listed below is your account information, IMPORTANT: Please verify that ALL information on this sheet is correct. Incorrect license plate and license plate type information could",No,1721951683000,neutral
190eb40514556ba5,The genome as a generative AI modelğŸ§¬,"Our genomes work a bit like DALL-E, apparently MIT Technology Review Subscribe for $8/month The Checkup By Jess Hamzelou â€¢ 07.25.24 Hello, and welcome back to The Checkup! What does the genome do? You",1721933747000,"CATEGORY_UPDATES,INBOX",The Checkup from MIT Technology Review <newsletters@technologyreview.com>,"Our genomes work a bit like DALL-E, apparently MIT Technology Review Subscribe for $8/month The Checkup By Jess Hamzelou â€¢ 07.25.24 Hello, and welcome back to The Checkup! What does the genome do? You",No,1721933747000,neutral
190eaecffdec4a91,"3-2-1: The secret to creativity, how our challenges shape us, and the value of bad workouts","3 ideas, 2 quotes, and 1 question to consider this week. â€Œ â€Œ â€Œ â€Œ â€Œ â€Œ â€Œ â€Œ â€Œ â€Œ â€Œ â€Œ â€Œ â€Œ â€Œ â€Œ â€Œ â€Œ â€Œ â€Œ â€Œ â€Œ â€Œ â€Œ â€Œ â€Œ â€Œ â€Œ â€Œ â€Œ â€Œ â€Œ â€Œ â€Œ â€Œ â€Œ â€Œ â€Œ â€Œ â€Œ â€Œ â€Œ â€Œ â€Œ â€Œ â€Œ â€Œ â€Œ â€Œ â€Œ â€Œ â€Œ â€Œ â€Œ â€Œ â€Œ â€Œ â€Œ â€Œ â€Œ â€Œ â€Œ â€Œ â€Œ â€Œ â€Œ â€Œ â€Œ â€Œ â€Œ â€Œ â€Œ",1721928306000,"STARRED,CATEGORY_PERSONAL,INBOX",Unknown,"3 ideas, 2 quotes, and 1 question to consider this week. â€Œ â€Œ â€Œ â€Œ â€Œ â€Œ â€Œ â€Œ â€Œ â€Œ â€Œ â€Œ â€Œ â€Œ â€Œ â€Œ â€Œ â€Œ â€Œ â€Œ â€Œ â€Œ â€Œ â€Œ â€Œ â€Œ â€Œ â€Œ â€Œ â€Œ â€Œ â€Œ â€Œ â€Œ â€Œ â€Œ â€Œ â€Œ â€Œ â€Œ â€Œ â€Œ â€Œ â€Œ â€Œ â€Œ â€Œ â€Œ â€Œ â€Œ â€Œ â€Œ â€Œ â€Œ â€Œ â€Œ â€Œ â€Œ â€Œ â€Œ â€Œ â€Œ â€Œ â€Œ â€Œ â€Œ â€Œ â€Œ â€Œ â€Œ â€Œ â€Œ",No,1721928306000,neutral
190ea3b2155361ed,"Report #0150 â€” Local AI: China Beats US, $2,000/mo Telegram Bot, Virtual Companies",Welcome to the 668 new founders who joined last week. Let&#39;s talk about ğŸ’» Local AIâ€‹. â€Œ â€Œ â€Œ â€Œ â€Œ â€Œ â€Œ â€Œ â€Œ â€Œ â€Œ â€Œ â€Œ â€Œ â€Œ â€Œ â€Œ â€Œ â€Œ â€Œ â€Œ â€Œ â€Œ â€Œ â€Œ â€Œ â€Œ â€Œ â€Œ â€Œ â€Œ â€Œ â€Œ â€Œ â€Œ â€Œ â€Œ â€Œ â€Œ â€Œ â€Œ â€Œ â€Œ â€Œ â€Œ â€Œ â€Œ â€Œ â€Œ â€Œ â€Œ â€Œ â€Œ â€Œ â€Œ â€Œ â€Œ,1721916655000,"Label_8989531060131822848,CATEGORY_SOCIAL,INBOX","""Dru Riley @ Trends.vc"" <d@trends.vc>",Welcome to the 668 new founders who joined last week. Let&#39;s talk about ğŸ’» Local AIâ€‹. â€Œ â€Œ â€Œ â€Œ â€Œ â€Œ â€Œ â€Œ â€Œ â€Œ â€Œ â€Œ â€Œ â€Œ â€Œ â€Œ â€Œ â€Œ â€Œ â€Œ â€Œ â€Œ â€Œ â€Œ â€Œ â€Œ â€Œ â€Œ â€Œ â€Œ â€Œ â€Œ â€Œ â€Œ â€Œ â€Œ â€Œ â€Œ â€Œ â€Œ â€Œ â€Œ â€Œ â€Œ â€Œ â€Œ â€Œ â€Œ â€Œ â€Œ â€Œ â€Œ â€Œ â€Œ â€Œ â€Œ â€Œ,No,1721916655000,neutral
190e9e240da82bce,"Essential India: Usha v Kamala? Meh, says India",Also: Modi subsidises jobs and doles out largesse â€Œ â€Œ â€Œ â€Œ â€Œ â€Œ â€Œ â€Œ â€Œ â€Œ â€Œ â€Œ â€Œ â€Œ â€Œ â€Œ â€Œ â€Œ â€Œ â€Œ â€Œ â€Œ â€Œ â€Œ â€Œ â€Œ â€Œ â€Œ â€Œ â€Œ â€Œ â€Œ â€Œ â€Œ â€Œ â€Œ â€Œ â€Œ â€Œ â€Œ â€Œ â€Œ â€Œ â€Œ â€Œ â€Œ â€Œ â€Œ â€Œ â€Œ â€Œ â€Œ â€Œ â€Œ â€Œ â€Œ â€Œ â€Œ â€Œ â€Œ â€Œ â€Œ â€Œ â€Œ â€Œ â€Œ â€Œ â€Œ â€Œ â€Œ â€Œ â€Œ â€Œ â€Œ â€Œ â€Œ,1721910832000,"CATEGORY_UPDATES,INBOX",The Economist <noreply@e.economist.com>,Also: Modi subsidises jobs and doles out largesse â€Œ â€Œ â€Œ â€Œ â€Œ â€Œ â€Œ â€Œ â€Œ â€Œ â€Œ â€Œ â€Œ â€Œ â€Œ â€Œ â€Œ â€Œ â€Œ â€Œ â€Œ â€Œ â€Œ â€Œ â€Œ â€Œ â€Œ â€Œ â€Œ â€Œ â€Œ â€Œ â€Œ â€Œ â€Œ â€Œ â€Œ â€Œ â€Œ â€Œ â€Œ â€Œ â€Œ â€Œ â€Œ â€Œ â€Œ â€Œ â€Œ â€Œ â€Œ â€Œ â€Œ â€Œ â€Œ â€Œ â€Œ â€Œ â€Œ â€Œ â€Œ â€Œ â€Œ â€Œ â€Œ â€Œ â€Œ â€Œ â€Œ â€Œ â€Œ â€Œ â€Œ â€Œ â€Œ â€Œ,No,1721910832000,summarizable
190e9c431ea69bee,Receipt: Direct Deposit Received,"Hi, ACHAK REALTY, LLC, money was deposited into your account Amount: $ 1174.49 Account: Achak - 5419 On: July 25, 2024 From: CR of Maryland P SIGONFILE View deposit details Create your Life Plan Bank",1721908721000,CATEGORY_UPDATES,Bank of America <onlinebanking@ealerts.bankofamerica.com>,"Hi, ACHAK REALTY, LLC, money was deposited into your account Amount: $ 1174.49 Account: Achak - 5419 On: July 25, 2024 From: CR of Maryland P SIGONFILE View deposit details Create your Life Plan Bank",No,1721908721000,important
190e98e2cf917607,"Nasdaq Selloff, Fed Rate Outlook, Recession Fears Indicate a Market Pivot. Hereâ€™s Why.","Barron&#39;s Daily July 25, 2024 Read in browser Sponsored By: Dreamstime Nasdaq Selloff, Fed Rate Outlook, Recession Fears Indicate a Market Pivot. Here&#39;s Why and 4 Other Things to Know Today. Bad",1721905076000,"Label_2878974331142224262,CATEGORY_SOCIAL,INBOX","""The Barron's Daily"" <thebarronsdaily@barrons.com>","Barron&#39;s Daily July 25, 2024 Read in browser Sponsored By: Dreamstime Nasdaq Selloff, Fed Rate Outlook, Recession Fears Indicate a Market Pivot. Here&#39;s Why and 4 Other Things to Know Today. Bad",No,1721905076000,neutral
190e9694849050c0,The World in Brief: Bibi shows no signs of compromising,Also: Marvel searches for a hero â€Œ â€Œ â€Œ â€Œ â€Œ â€Œ â€Œ â€Œ â€Œ â€Œ â€Œ â€Œ â€Œ â€Œ â€Œ â€Œ â€Œ â€Œ â€Œ â€Œ â€Œ â€Œ â€Œ â€Œ â€Œ â€Œ â€Œ â€Œ â€Œ â€Œ â€Œ â€Œ â€Œ â€Œ â€Œ â€Œ â€Œ â€Œ â€Œ â€Œ â€Œ â€Œ â€Œ â€Œ â€Œ â€Œ â€Œ â€Œ â€Œ â€Œ â€Œ â€Œ â€Œ â€Œ â€Œ â€Œ â€Œ â€Œ â€Œ â€Œ â€Œ â€Œ â€Œ â€Œ â€Œ â€Œ â€Œ â€Œ â€Œ â€Œ â€Œ â€Œ â€Œ â€Œ â€Œ â€Œ â€Œ â€Œ â€Œ â€Œ â€Œ â€Œ â€Œ â€Œ,1721902904000,"CATEGORY_UPDATES,INBOX",The Economist <noreply@e.economist.com>,Also: Marvel searches for a hero â€Œ â€Œ â€Œ â€Œ â€Œ â€Œ â€Œ â€Œ â€Œ â€Œ â€Œ â€Œ â€Œ â€Œ â€Œ â€Œ â€Œ â€Œ â€Œ â€Œ â€Œ â€Œ â€Œ â€Œ â€Œ â€Œ â€Œ â€Œ â€Œ â€Œ â€Œ â€Œ â€Œ â€Œ â€Œ â€Œ â€Œ â€Œ â€Œ â€Œ â€Œ â€Œ â€Œ â€Œ â€Œ â€Œ â€Œ â€Œ â€Œ â€Œ â€Œ â€Œ â€Œ â€Œ â€Œ â€Œ â€Œ â€Œ â€Œ â€Œ â€Œ â€Œ â€Œ â€Œ â€Œ â€Œ â€Œ â€Œ â€Œ â€Œ â€Œ â€Œ â€Œ â€Œ â€Œ â€Œ â€Œ â€Œ â€Œ â€Œ â€Œ â€Œ â€Œ â€Œ,No,1721902904000,summarizable
190ec303b9f84044,Opinion: Best of the Web - Was the Media Right the First Time about the Border Czar?,Is this email difficult to read? View it in a web browser. â€º The Wall Street Journal logo The Wall Street Journal logo Was the Media Right the First Time about the Border Czar? Kamala Harris retains,1721949487000,"UNREAD,TRASH,CATEGORY_UPDATES","""WSJ.com Editors"" <access@interactive.wsj.com>",Is this email difficult to read? View it in a web browser. â€º The Wall Street Journal logo The Wall Street Journal logo Was the Media Right the First Time about the Border Czar? Kamala Harris retains,No,1721949487000,important
190ec131ed0cd363,"MERGE, Varsity Tutors and others are hiring in Boston, MA. Apply Now.","We Invest Florida LLC is hiring Glassdoor Jobs Your daily job listings for July 25, 2024 Vp Boston, MA We Invest Florida LLC VP of Fundraising (Domestic and International) (Sales) - Residential Real",1721947590000,"CATEGORY_PROMOTIONS,UNREAD,TRASH",Glassdoor Jobs <noreply@glassdoor.com>,"We Invest Florida LLC is hiring Glassdoor Jobs Your daily job listings for July 25, 2024 Vp Boston, MA We Invest Florida LLC VP of Fundraising (Domestic and International) (Sales) - Residential Real",No,1721947590000,unimportant
190ec03ae999dede,Spot ETH ETFs Enjoy Strong Debut,"Weekly Market Update - Thursday, July 25, 20224 US Spot ETH ETFs received net inflows of $107 million in their debut Tuesday: The launch could drive ethereum prices up in the long run, although inflows",1721946520000,"UNREAD,TRASH,CATEGORY_UPDATES",Gemini <hello@news.gemini.com>,"Weekly Market Update - Thursday, July 25, 20224 US Spot ETH ETFs received net inflows of $107 million in their debut Tuesday: The launch could drive ethereum prices up in the long run, although inflows",No,1721946520000,neutral
190ec0200321429f,ğŸ”µ FINAL HOURS ğŸ”µ,"Extra 20% off is still here, but not for long! A Message From Animal Life Veterinary Center DOG CAT FLEA &amp; TICK HEARTWORM SALE SAVE WITH CODE: PAW20 Final Hours! | Take an extra 20% OFF!â€  | Use",1721946468000,"CATEGORY_PROMOTIONS,UNREAD,TRASH",Animal Life Veterinary Center <noreply@engage.greatpetrx.com>,"Extra 20% off is still here, but not for long! A Message From Animal Life Veterinary Center DOG CAT FLEA &amp; TICK HEARTWORM SALE SAVE WITH CODE: PAW20 Final Hours! | Take an extra 20% OFF!â€  | Use",No,1721946468000,unimportant
190ec011f4f8d038,Recent listings near you,See them first on Redfin. | Í Í Í Í Í Í Í Í Í Í Í Í Í Í Í Í Í Í Í Í Í Í Í Í Í Í Í Í Í Í Í Í Í Í Í Í Í Í Í Í Í Í Í Í Í Í Í Í Í Í Í Í Í Í Í Í Í Í Í Í Í Í Í Í Í Í Í Í Í Í Í Í Í Í Í Í Í Í Í Í Í Í Í Í Í Í Í,1721946411000,"CATEGORY_PROMOTIONS,UNREAD,TRASH",Redfin <redmail@redfin.com>,See them first on Redfin. | Í Í Í Í Í Í Í Í Í Í Í Í Í Í Í Í Í Í Í Í Í Í Í Í Í Í Í Í Í Í Í Í Í Í Í Í Í Í Í Í Í Í Í Í Í Í Í Í Í Í Í Í Í Í Í Í Í Í Í Í Í Í Í Í Í Í Í Í Í Í Í Í Í Í Í Í Í Í Í Í Í Í Í Í Í Í Í,No,1721946411000,unimportant
190ebeb66df8aa60,"This week on Trends.vc: July 18 - July 25, 2024","Trends.vc logo This week on Trends.vc July 18 - July 25, 2024 #0151 â€” ğŸ“ AI-Powered Learning In this report, we may touch on things such as: â€¢ Gamification â€¢ Building AI Literacy â€¢ Plagiarism Detection",1721944987000,"UNREAD,Label_8989531060131822848,TRASH,CATEGORY_SOCIAL","""Trends.vc"" <no-reply@notification.circle.so>","Trends.vc logo This week on Trends.vc July 18 - July 25, 2024 #0151 â€” ğŸ“ AI-Powered Learning In this report, we may touch on things such as: â€¢ Gamification â€¢ Building AI Literacy â€¢ Plagiarism Detection",No,1721944987000,summarizable
190ebdef212f70e0,Mentorship Applications are Open!,"Become a Mentor Today! Sunil, We&#39;re celebrating four years of meaningful connections through our Mentorship Hub Match program, and we want you to join the party by September 1st. Four years ago, we",1721944075000,"UNREAD,TRASH,CATEGORY_UPDATES",Unknown,"Become a Mentor Today! Sunil, We&#39;re celebrating four years of meaningful connections through our Mentorship Hub Match program, and we want you to join the party by September 1st. Four years ago, we",No,1721944075000,neutral
190ebc5881feaf1f,Your Recent SmartRewards Purchase,"THANK YOU Sunil TOTAL: $39.64 DATE: Jul 25, 2024 TIME: 2:47PM CUMBERLAND FARMS # 5440 193 ENDICOTT ST. NORTH LACONIA, NH 03246 Gallons purchased: 10.01 *transactions may take one (1) to three (3)",1721942505000,"UNREAD,TRASH,CATEGORY_UPDATES",SmartRewards <smartrewards@zipline.biz>,"THANK YOU Sunil TOTAL: $39.64 DATE: Jul 25, 2024 TIME: 2:47PM CUMBERLAND FARMS # 5440 193 ENDICOTT ST. NORTH LACONIA, NH 03246 Gallons purchased: 10.01 *transactions may take one (1) to three (3)",No,1721942505000,neutral
190ebae830349d69,Is Kamala Harris â€œbratâ€?,Also: Why is Zuckerberg giving away Meta&#39;s crown jewels? â€Œ â€Œ â€Œ â€Œ â€Œ â€Œ â€Œ â€Œ â€Œ â€Œ â€Œ â€Œ â€Œ â€Œ â€Œ â€Œ â€Œ â€Œ â€Œ â€Œ â€Œ â€Œ â€Œ â€Œ â€Œ â€Œ â€Œ â€Œ â€Œ â€Œ â€Œ â€Œ â€Œ â€Œ â€Œ â€Œ â€Œ â€Œ â€Œ â€Œ â€Œ â€Œ â€Œ â€Œ â€Œ â€Œ â€Œ â€Œ â€Œ â€Œ â€Œ â€Œ â€Œ â€Œ â€Œ â€Œ â€Œ â€Œ â€Œ â€Œ â€Œ â€Œ â€Œ â€Œ â€Œ â€Œ â€Œ â€Œ â€Œ â€Œ,1721939382000,"TRASH,CATEGORY_UPDATES",The Economist today <newsletters@e.economist.com>,Also: Why is Zuckerberg giving away Meta&#39;s crown jewels? â€Œ â€Œ â€Œ â€Œ â€Œ â€Œ â€Œ â€Œ â€Œ â€Œ â€Œ â€Œ â€Œ â€Œ â€Œ â€Œ â€Œ â€Œ â€Œ â€Œ â€Œ â€Œ â€Œ â€Œ â€Œ â€Œ â€Œ â€Œ â€Œ â€Œ â€Œ â€Œ â€Œ â€Œ â€Œ â€Œ â€Œ â€Œ â€Œ â€Œ â€Œ â€Œ â€Œ â€Œ â€Œ â€Œ â€Œ â€Œ â€Œ â€Œ â€Œ â€Œ â€Œ â€Œ â€Œ â€Œ â€Œ â€Œ â€Œ â€Œ â€Œ â€Œ â€Œ â€Œ â€Œ â€Œ â€Œ â€Œ â€Œ â€Œ,No,1721939382000,read_trash
190eb9e909f98441,See Your 2023 Impact,"In 2023, the Tesla community avoided emitting approximately 20 million metric tons* of CO2e into the Earth&#39;s atmosphereâ€”that&#39;s equal to over 50 billion miles** of pollution from driving a gas-",1721939952000,"UNREAD,TRASH,CATEGORY_UPDATES",Tesla <newsletter@tesla.com>,"In 2023, the Tesla community avoided emitting approximately 20 million metric tons* of CO2e into the Earth&#39;s atmosphereâ€”that&#39;s equal to over 50 billion miles** of pollution from driving a gas-",No,1721939952000,summarizable
